Source,Target
NitinKodial,PoloChau
thachbebigboss,PoloChau
YoungHsu_1s,PoloChau
1171020709,PoloChau
AgnesMayYao,PoloChau
xinsicheng123,PoloChau
AngieZZL,PoloChau
lipu1108,PoloChau
vansh21k,PoloChau
skylee9295,PoloChau
Vi43K,NitinKodial
v10_ted,NitinKodial
pramodkirchki,NitinKodial
rakesh382,NitinKodial
kishorgopalaiah,NitinKodial
ganesh_,NitinKodial
DhananjayGowdaN,NitinKodial
ashay_p,NitinKodial
preshu_,NitinKodial
Nidhi_Satish,NitinKodial
Chuvanthuc1989,thachbebigboss
JessicaFCook,thachbebigboss
ID_Jewelry,thachbebigboss
cocoromati_lf,thachbebigboss
DoveTham,thachbebigboss
Vanessa_Thao,thachbebigboss
TechAdmin,thachbebigboss
KIZ_photographe,thachbebigboss
teedawns16,thachbebigboss
facttopic,thachbebigboss
aplsmith5,YoungHsu_1s
DonnyTForPres,YoungHsu_1s
TheFeranziqDzn,YoungHsu_1s
drgonlord1234,YoungHsu_1s
FannyUltra,YoungHsu_1s
why_bread,YoungHsu_1s
twistedkitchen2,1171020709
starchildlilacx,AgnesMayYao
CheathamDori,AgnesMayYao
StartupGrind,AgnesMayYao
Breastsrhealthy,AgnesMayYao
prosoapp,AgnesMayYao
angiepstevens,AgnesMayYao
mvagradshow,AgnesMayYao
john_eberhard,AgnesMayYao
BambinoBabies,AgnesMayYao
BillyWu2,AgnesMayYao
Vvvgo1,xinsicheng123
IWF,AngieZZL
skylee9295,AngieZZL
EnigmaWSP,AngieZZL
xiaoranhu,AngieZZL
TheOneRealIgor,AngieZZL
amfafafa,AngieZZL
gaoxing2105,AngieZZL
sadia_gee,AngieZZL
gtcomputing,AngieZZL
berenson_allen,AngieZZL
skylee9295,lipu1108
Ranchy_NJU,lipu1108
ahmad_shibbir,lipu1108
skylee9295,vansh21k
Ranchy_NJU,vansh21k
Jitendrabitshyd,vansh21k
rampmn,vansh21k
JMREDDYD,vansh21k
isaac4you,vansh21k
gvsrakesh,vansh21k
pankajmakad0,skylee9295
Ranchy_NJU,skylee9295
haidongchen2012,skylee9295
laaaura_kbq,skylee9295
